Comments,Reviews,Platform ,,
,,,,
AI is geting scaryâ€¦ canâ€™t trust anything anymore,Negative,Youtube ,,
This dude is super unlikeable,Negative,Youtube ,,
Sick sick sick! ðŸ˜¡,Negative,Instagram,,Negative
"ðŸ˜‘Such an average movie, not worth the hype at all",Negative,Youtube ,,Neutral
Nonsense...Absolutely not true.,Negative,Instagram,,Positive
Their website is so confusing and poorly designed,Negative,Instagram,,
What a waste of time and energyðŸ˜’,Negative,Youtube ,,
"No, you are destroying the metal !!!",Negative,Instagram,,
The quality of this product is subpar.,Negative,Youtube,,
Not worth it....,Negative,Instagram,,
Ambience is not at all nice. Wouldn't recommend.,Negative,Twitter,,
The food at this restaurant was disappointing. Not worth the price.,Negative,Instagram,,
The hotel staff were rude and unprofessional. Terrible customer service,Negative,Twitter,,
"Trust me my relatives would hate it, including me ðŸ˜…",Negative,Youtube,,
I'm disappointed with the ending of this TV show. It left too many unanswered questions.,Negative,Youtube,,
The product I ordered arrived damaged. Very disappointed with the packaging.,Negative,Instagram,,
I had a frustrating experience with their technical support. No resolution provided.,Negative,Twitter,,
I'm extremely disappointed with their product quality.,Negative,Instagram,,
Traffic was terrible this morning.,Negative,Twitter,,
Political discussions heating up on the timeline.,Negative,Twitter,,
Feeling a bit under the weather today.,Negative,Twitter,,
Winter blues got me feeling low.,Negative,Instagram,,
Had a bad day at school. Everything seems to be going wrong.,Negative,Facebook,,
Received a not-so-great grade on a major project. Academic frustration setting in.,Negative,Facebook,,
Caught in a torrential rainstorm without an umbrella. Today's weather is just bad luck.,Negative,Twitter,,
Got a flat tire on the way to an important meeting. Talk about a series of bad events!,Negative,Twitter,,
Having a bad hair day and feeling self-conscious. Bad hair days can affect confidence.,Negative,Instagram,,
Having a string of bad luck with constant technology malfunctions. Tech troubles galore!,Negative,Instagram,,
The state of the world's environment is just disgusting.,Negative,Twitter,,
The state of corruption in our society is utterly disgusting.,Negative,Twitter,,
Disgust at the sight of injustice and cruelty.,Negative,Twitter,,
Disgust at the corruption that stains society.,Negative,Instagram,,
"Entered the kitchen with the intention to cook. Left with a bag of chips. Cooking is overrated, anyway. #MasterChefInTraining #TeenHumor ",Negative,Instagram,,
Encountered some mean-spirited comments online. Dealing with online hate is never easy.,Negative,Instagram,,
Witnessed a heated argument in the cafeteria. Unpleasant atmosphere at lunch.,Negative,Instagram,,
Experiencing cyberbullying. Hateful messages online are disheartening.,Negative,Facebook,,
Dealing with unfounded rumors circulating about personal life. Rumors can be hurtful.,Negative,Facebook,,
Encountering online toxicity during a gaming session. Hateful comments can ruin the fun.,Negative,Twitter,,
Experiencing hate comments for expressing personal opinions. Online negativity prevails.,Negative,Twitter,,
This new policy is just going to make things harder for everyone.,Negative,Twitter,,
The app keeps crashing after the latest update. it's unusable.,Negative,Twitter,,
I'm not sure i agree with the premise of this article.,Negative,Facebook,,
My internet has been down all day. how am i supposed to work?,Negative,Twitter,,
This political debate is going nowhere. just people yelling at each other.,Negative,Twitter,,
The season finale was a huge letdown. #tvshows,Negative,Twitter,,
Another data breach... can these companies ever keep our info safe?,Negative,Twitter,,
I disagree with the points made in this video.,Negative,Facebook,,
Can't believe they cancelled my favorite show.,Negative,Twitter,,
The traffic on the outer ring road is terrible this evening.,Negative,Twitter,,
Is anyone else experiencing issues with the app login?,Negative,Twitter,,
This article is full of misinformation.,Negative,Facebook,,
I'm so tired of all these political ads.,Negative,Twitter,,
This new feature is completely useless.,Negative,Twitter,,
This influencer's 'apology' video seems so fake.,Negative,Instagram,,
My phone battery dies way too fast.,Negative,Twitter,,
This seems overly complicated for no reason.,Negative,Instagram,,
I think the old logo was better.,Negative,Instagram,,
Sad to hear about the restaurant closing down. they had the best food.,Negative,Facebook,,
"My online order arrived,but it's the wrong item. so frustrating",Negative,Twitter,,
The plot of that movie made no sense.,Negative,Facebook,,
The filter you used makes the colors look strange.,Negative,Instagram,,
The constant construction noise is driving me crazy.,Negative,Facebook,,
This is a terrible take. you've completely missed the point.,Negative,Twitter,,
I'm so over this heatwave.,Negative,Twitter,,
The product arrived damaged.,Negative,Instagram,,
Is it just me or is the platform really slow today?,Negative,Twitter,,
This sponsored post is not relevant to my interests.,Negative,Instagram,,
I'm not really a fan of this art style.,Negative,Instagram,,
This is an irresponsible thing to post.,Negative,Facebook,,
My computer just crashed and i lost all my work. #badday,Negative,Twitter,,
The webinar link is not working.,Negative,Twitter,,
This thread is full of bots.,Negative,Twitter,,
I waited in line for an hour for nothing.,Negative,Facebook,,
I find this type of content very boring.,Negative,Instagram,,
The comments on this post are a dumpster fire.,Negative,Instagram,,
The audio is out of sync with the video.,Negative,Twitter,,
I'm disappointed by the lack of professionalism.,Negative,Facebook,,
I don't understand the hype around this product.,Negative,Twitter,,
Why is shipping so expensive?,Negative,Twitter,,
That was a really poor performance by the team.,Negative,Twitter,,
The editing on this video is very choppy.,Negative,Instagram,,
The packaging was excessive and wasteful.,Negative,Instagram,,
That's a very dangerous thing to do.,Negative,Facebook,,
This discussion is no longer productive.,Negative,Twitter,,
This clickbait headline is so annoying.,Negative,Twitter,,
The battery life on this phone is terrible.,Negative,Twitter,,
I'm so frustrated with this company's policies.,Negative,Facebook,,
That was a very unprofessional comment to make.,Negative,Twitter,,
The music is too loud in this video.,Negative,Instagram,,
This product did not work as advertised.,Negative,Instagram,,
Heard back from the job application. it's a no.,Negative,Facebook,,
I completely disagree with this take.,Negative,Facebook,,
The quality of this stream is very low.,Negative,Twitter,,
The video has no sound.,Negative,Instagram,,
The movie was predictable from the start.,Negative,Instagram,,
Stop spreading rumors.,Negative,Twitter,,
This is a terrible design flaw.,Negative,Instagram,,
The server is lagging badly tonight.,Negative,Twitter,,
My order was cancelled without any notification.,Negative,Facebook,,
Another pointless meeting that could have been an email.,Negative,Twitter,,
I'm having trouble with the checkout page.,Negative,Facebook,,
The ending of that book was so disappointing.,Negative,Facebook,,
The special effects in this movie look cheap.,Negative,Twitter,,
The link you shared is broken.,Negative,Twitter,,
This recipe needs more seasoning.,Negative,Instagram,,
The speaker is mumbling  i can't understand them.,Negative,Twitter,,
The algorithm keeps recommending me things i don't like.,Negative,Twitter,,
I'm not a fan of this author's writing style.,Negative,Facebook,,
The new update removed my favorite feature.,Negative,Twitter,,
The instructions are unclear.,Negative,Facebook,,
This is not what i ordered.,Negative,Facebook,,
The event was poorly organized.,Negative,Facebook,,
This coffee is cold.,Negative,Instagram,,
The audio quality is terrible.,Negative,Twitter,,
I am unsubscribing. this content has gone downhill.,Negative,Twitter,,
This is the third time my delivery has been late.,Negative,Twitter,,
That's not how it works.,Negative,Twitter,,
The user interface is not intuitive.,Negative,Instagram,,
The product feels very cheap and flimsy.,Negative,Facebook,,
This take is just factually incorrect.,Negative,Twitter,,
I'm very disappointed with the customer support i received.,Negative,Twitter,,
This is a terrible idea.,Negative,Twitter,,
The event has been cancelled.,Negative,Facebook,,
The colors in this photo are a bit oversaturated.,Negative,Instagram,,
This is a major security vulnerability.,Negative,Twitter,,
I'm so bored of seeing the same content over and over.,Negative,Instagram,,
The price is too high for what you get.,Negative,Twitter,,
The video is buffering constantly.,Negative,Instagram,,
This comment section is toxic.,Negative,Instagram,,
This is a very inefficient process.,Negative,Facebook,,
The book arrived with a torn cover.,Negative,Twitter,,
The new software is not compatible with my old system.,Negative,Facebook,,
The microphone is picking up a lot of background noise.,Negative,Twitter,,
What a waste of time.,Negative,Twitter,,
This design is not very user-friendly.,Negative,Instagram,,
The character development in this series is terrible.,Negative,Twitter,,
The article is behind a paywall.,Negative,Facebook,,
This seems like a scam.,Negative,Twitter,,
The audio and video are not synchronized.,Negative,Twitter,,
This is a fake account.,Negative,Twitter,,
This is a very disappointing outcome.,Negative,Twitter,,
The form is not submitting.,Negative,Facebook,,
This is spam.,Negative,Twitter,,
The image is pixelated.,Negative,Instagram,,
This is an unacceptable level of service.,Negative,Twitter,,
This is a very poorly written article.,Negative,Facebook,,
The item is out of stock.,Negative,Facebook,,
I am not interested.,Negative,Facebook,,
This is not the solution to the problem.,Negative,Facebook,,
The food was cold.,Negative,Facebook,,
This feature is buggy.,Negative,Twitter,,
The product looks different from the picture online.,Negative,Instagram,,
I'm so tired of this argument.,Negative,Facebook,,
I am very disappointed.,Negative,Facebook,,
The new ceo is a terrible choice.,Negative,Twitter,,
The potholes on this road are getting ridiculous. someone needs to fix this.,Negative,Facebook,,
The power cut has been going on for over three hours now in the Manikonda area.,Negative,Twitter,,
This company's customer service is a complete joke.,Negative,Twitter,,
I don't think this political cartoon is very funny.,Negative,Facebook,,
That was a very disappointing performance from the team.,Negative,Facebook,,
I'm very concerned about the environmental impact of this project.,Negative,Facebook,,
My internet package was supposed to be upgraded today  but the speed is still the same.,Negative,Twitter,,
This so-called 'hot take' is just a recycled opinion from last year.,Negative,Twitter,,
Why are concert tickets so outrageously expensive now?,Negative,Twitter,,
The audio in this reel is slightly ahead of the video.,Negative,Instagram,,
This 'life hack' seems like more work than the original way.,Negative,Instagram,,
My flight got cancelled at the last minute. stuck at the airport.,Negative,Twitter,,
The new font in the app update is hard to read.,Negative,Instagram,,
The amount of plastic packaging in this delivery is shocking.,Negative,Instagram,,
The main character in this show is so poorly written.,Negative,Twitter,,
This is a very shallow analysis of a complex topic.,Negative,Twitter,,
This filter makes everyone look the same.,Negative,Instagram,,
I'm tired of seeing these get-rich-quick scheme ads.,Negative,Facebook,,
This thread is a masterclass in misinformation.,Negative,Twitter,,
The constant spam calls are driving me insane.,Negative,Twitter,,
I disagree with the author's conclusion.,Negative,Facebook,,
The video stopped playing halfway through.,Negative,Instagram,,
The biryani at Paradise is not what it used to be.,Negative,Facebook,,
The qr code is not scanning.,Negative,Twitter,,
This outfit doesn't seem appropriate for the occasion.,Negative,Instagram,,
The subtitles are full of errors.,Negative,Twitter,,
I'm not interested in this product.,Negative,Instagram,,
The delivery person left the package at the wrong address.,Negative,Twitter,,
This meme is not funny at all.,Negative,Twitter,,
I am very disappointed with the quality of this product.,Negative,Facebook,,
This political ad is incredibly misleading.,Negative,Facebook,,
I keep getting notifications for things i don't care about.,Negative,Twitter,,
The checkout process on this website is too complicated.,Negative,Twitter,,
I think the previous version of the app was better.,Negative,Instagram,,
The audio quality of this podcast episode is poor.,Negative,Twitter,,
This article is just clickbait with no real substance.,Negative,Facebook,,
I need to reset my password  but i'm not getting the email.,Negative,Twitter,,
The colors in this reel are too saturated.,Negative,Instagram,,
This is a really bad financial advice.,Negative,Facebook,,
The app is not compatible with my device.,Negative,Twitter,,
The new tax policy seems overly complicated.,Negative,Twitter,,
I completely disagree with the verdict.,Negative,Twitter,,
I'm not a fan of this particular fashion trend.,Negative,Instagram,,
The constant notifications from this app are annoying.,Negative,Facebook,,
The video is too shaky.,Negative,Instagram,,
This so-called 'debate' is just two people shouting.,Negative,Twitter,,
I have already unsubscribed from this mailing list multiple times.,Negative,Facebook,,
The product I received looks nothing like the advertisement.,Negative,Instagram,,
The road work near the university is causing major traffic jams.,Negative,Twitter,,
This is a very generic and uninspired design.,Negative,Instagram,,
The subtitles are not synced correctly with the audio.,Negative,Instagram,,
The website keeps logging me out automatically.,Negative,Twitter,,
This is an irresponsible and dangerous 'challenge'.,Negative,Twitter,,
The new OS update has made my phone slower.,Negative,Twitter,,
The celebrity's statement on this issue is very disappointing.,Negative,Twitter,,
This is a very biased and one-sided documentary.,Negative,Twitter,,
The offer has expired.,Negative,Facebook,,
The amount of ads on this platform is getting out of hand.,Negative,Twitter,,
I find this type of humor to be quite offensive.,Negative,Instagram,,
The instructions for assembly are very confusing.,Negative,Facebook,,
This is a very shallow and materialistic post.,Negative,Instagram,,
The app is asking for too many unnecessary permissions.,Negative,Twitter,,
I am very disappointed by the lack of communication from the company.,Negative,Facebook,,
The WiFi at this cafe is very slow.,Negative,Twitter,,
The editing in this photo seems a bit unnatural.,Negative,Instagram,,
The movie's ending felt very rushed and unsatisfying.,Negative,Twitter,,
This is a very misleading headline.,Negative,Facebook,,
I'm very concerned about the privacy implications of this new feature.,Negative,Twitter,,
The company's response to the criticism is inadequate.,Negative,Twitter,,
I don't like the new user interface.,Negative,Instagram,,
The video quality is capped at 480p.,Negative,Instagram,,
This is a very dangerous precedent to set.,Negative,Twitter,,
This celebrity endorsement feels very inauthentic.,Negative,Instagram,,
The product is much smaller in person than it looks in the photos.,Negative,Facebook,,
I'm still waiting for a response to my support ticket from last week.,Negative,Twitter,,
This 'inspirational' quote is actually very toxic.,Negative,Instagram,,
The plot of this show has become very predictable.,Negative,Twitter,,
This is a very unprofessional way to handle customer complaints.,Negative,Facebook,,
I'm very disappointed with the election results.,Negative,Facebook,,
The company's stock dropped by 5% today.,Negative,Twitter,,
This type of content is not appropriate for this platform.,Negative,Instagram,,
The video is just a black screen for me.,Negative,Instagram,,
This is a very weak and unsubstantiated argument.,Negative,Twitter,,
This influencer is promoting a very harmful product.,Negative,Instagram,,
I am not happy with the service I received.,Negative,Facebook,,
The new update has introduced more bugs than it fixed.,Negative,Twitter,,
This 'apology' does not seem sincere at all.,Negative,Facebook,,
The website is not mobile-friendly.,Negative,Twitter,,
I completely disagree with this political ideology.,Negative,Twitter,,
This is a very irresponsible use of a public platform.,Negative,Twitter,,
The support helpline is always busy.,Negative,Facebook,,
The audio is clipping in this recording.,Negative,Instagram,,
This is a very shallow and self-absorbed post.,Negative,Instagram,,
I received a damaged item and the seller is not responding.,Negative,Facebook,,
I'm not interested in joining your multi-level marketing scheme.,Negative,Facebook,,
This company is greenwashing their products.,Negative,Facebook,,
The app is not working after the latest android update.,Negative,Twitter,,
I find this content to be very unoriginal.,Negative,Instagram,,
The video has been taken down due to a copyright claim.,Negative,Instagram,,
I am very concerned about the rising inflation.,Negative,Twitter,,
This is a very biased and unfair comparison.,Negative,Twitter,,
I am very disappointed with the way this situation was handled.,Negative,Twitter,,
This is a very dangerous and misleading 'health' tip.,Negative,Twitter,,
The product does not match the description on the website.,Negative,Instagram,,
The app is constantly asking for reviews.,Negative,Instagram,,
This is a very selfish and inconsiderate action.,Negative,Facebook,,
The support chat is just a bot that isn't helpful.,Negative,Twitter,,
This is a very poor excuse for an apology.,Negative,Facebook,,
This is a very harmful stereotype.,Negative,Twitter,,
I keep getting emails that are meant for someone else with a similar name.,Negative,Facebook,,
The video is too long and could have been edited down.,Negative,Instagram,,
I'm still waiting for my refund to be processed.,Negative,Twitter,,
This company has a terrible reputation for a reason.,Negative,Facebook,,
This is a very irresponsible statement from a public figure.,Negative,Twitter,,
I am very disappointed with the final product.,Negative,Facebook,,
The audio and video are not in sync.,Negative,Instagram,,
I am not a fan of this author.,Negative,Twitter,,
This product is not worth the high price tag.,Negative,Facebook,,
This is a very weak and poorly constructed argument.,Negative,Twitter,,
I am very unhappy with the recent changes to the platform.,Negative,Facebook,,
I'm very concerned about this new proposed law.,Negative,Twitter,,
This new AI update seems to have a lot of ethical concerns.,Negative,Twitter,,
My laptop's fan has been making a weird noise all day.,Negative,Twitter,,
This political commentary is incredibly biased and lacks any nuance.,Negative,Twitter,,
The traffic heading towards HITEC City is still bad  even at this hour.,Negative,Facebook,,
This company's privacy policy is a nightmare to read and understand.,Negative,Twitter,,
Another pointless software update that changed the UI for no reason.,Negative,Twitter,,
I completely disagree with the referee's decision in that match.,Negative,Twitter,,
The final episode of that show was a massive disappointment.,Negative,Facebook,,
My food delivery order is over 30 minutes late.,Negative,Twitter,,
This hot take is not as original as you think it is.,Negative,Twitter,,
The server for this game has been down for hours. #gaming,Negative,Twitter,,
I'm so tired of these endless political arguments online.,Negative,Facebook,,
This movie trailer gave away the entire plot.,Negative,Twitter,,
I am very concerned about the rising air pollution in the city.,Negative,Facebook,,
The local candidate's speech was full of empty promises.,Negative,Facebook,,
This bug in the new update is making the app unusable for me.,Negative,Twitter,,
I strongly disagree with the opinions expressed in this shared article.,Negative,Facebook,,
The constant buffering is making this video unwatchable.,Negative,Twitter,,
This brand's lack of transparency is very concerning.,Negative,Twitter,,
The referee was clearly biased throughout the entire match.,Negative,Twitter,,
The noise from the construction next door is unbearable.,Negative,Facebook,,
This company is notorious for its poor after-sales service.,Negative,Twitter,,
This is a very shallow and meaningless internet trend.,Negative,Twitter,,
I am very disappointed by the local authorities' inaction on this issue.,Negative,Facebook,,
I think my account has been hacked.,Negative,Facebook,,
This company's ethics are highly questionable.,Negative,Twitter,,
This is a very weak and unconvincing argument.,Negative,Twitter,,
I am very unhappy with the quality of the food I received.,Negative,Facebook,,
I am not interested in your political propaganda.,Negative,Twitter,,
I am very concerned about the spread of misinformation on this platform.,Negative,Facebook,,
The public Wi-Fi at the station is not working.,Negative,Facebook,,
I am very disappointed with the lack of response from customer care.,Negative,Facebook,,
This is a very dangerous and irresponsible 'prank' video.,Negative,Twitter,,
This so-called 'investigative report' is full of holes.,Negative,Twitter,,
I am very unhappy with the service provided by this airline.,Negative,Facebook,,
This brand's marketing is very deceptive.,Negative,Twitter,,
This is a very poorly researched article.,Negative,Twitter,,
The cancellation policy of this hotel is very unfair.,Negative,Facebook,,
The audio is very low in this video  I can barely hear it.,Negative,Instagram,,
This is a very shallow and attention-seeking post.,Negative,Twitter,,
This company's treatment of its employees is appalling.,Negative,Twitter,,
This is a very weak and uninspired sequel to a great movie.,Negative,Twitter,,
The new update has made the user interface very cluttered.,Negative,Twitter,,
This is a very biased and unfair moderation decision.,Negative,Twitter,,
I am very disappointed with the poor quality of the materials used in this product.,Negative,Facebook,,
The plot twist in that movie was completely unnecessary and ruined it.,Negative,Instagram,,
I'm not interested in your unsolicited advice.,Negative,Facebook,,
The company's statement does not address the core issue at all.,Negative,Facebook,,
Our flight is delayed by two hours due to bad weather.,Negative,Twitter,,
This is a very irresponsible and harmful diet trend.,Negative,Instagram,,
The product I received is a cheap knockoff of the original.,Negative,Facebook,,
The constant pop-up ads on this site are making it unusable.,Negative,Facebook,,
This is a very shallow and insincere apology.,Negative,Twitter,,
I am very unhappy with the hidden charges on my bill.,Negative,Facebook,,
This influencer is spreading dangerous misinformation.,Negative,Twitter,,
This is a very poorly constructed argument with no factual basis.,Negative,Twitter,,
I am very disappointed with the lack of parking facilities at the venue.,Negative,Facebook,,
The sound mixing in this song is not very good.,Negative,Instagram,,
This is a very shallow and materialistic view of success.,Negative,Instagram,,
The customer service representative was very rude and unhelpful.,Negative,Facebook,,
This brand is constantly spamming me with promotional emails.,Negative,Twitter,,
This is a very irresponsible and dangerous piece of advice.,Negative,Twitter,,
I am very disappointed that the event was cancelled at the last moment.,Negative,Facebook,,
The resolution of this image is too low for a print.,Negative,Instagram,,
This is a very selfish and inconsiderate parking job.,Negative,Twitter,,
This company is exploiting its workers.,Negative,Twitter,,
I am very unhappy with the misleading advertisement for this product.,Negative,Facebook,,
This 'news' source is known for spreading fake news.,Negative,Twitter,,
This is a very poorly written and error-filled article.,Negative,Twitter,,
I am very disappointed by the rude behavior of the staff.,Negative,Facebook,,
The background of this video call is very unprofessional.,Negative,Instagram,,
This is a very dangerous and reckless driving video.,Negative,Twitter,,
The product is not compatible with my existing devices.,Negative,Facebook,,
The audio in this interview has a lot of echo.,Negative,Instagram,,
This is a very shallow and superficial understanding of the topic.,Negative,Instagram,,
The delivery has been delayed with no explanation.,Negative,Facebook,,
The color correction in this video seems a bit off.,Negative,Instagram,,
This is a very irresponsible and harmful social media challenge.,Negative,Twitter,,
I am very disappointed with the false promises made by the company.,Negative,Facebook,,
This brand's products are tested on animals  which is unacceptable.,Negative,Twitter,,
This is a very poorly moderated online group.,Negative,Twitter,,
I am very unhappy with the poor network coverage in my area.,Negative,Facebook,,
This 'financial guru' is giving very risky and dangerous advice.,Negative,Twitter,,
This is a very weak and unconvincing excuse.,Negative,Twitter,,
I am very disappointed with the last-minute change in the event schedule.,Negative,Facebook,,
The video is too zoomed in on the subject's face.,Negative,Instagram,,
This is a very selfish and inconsiderate use of public space.,Negative,Twitter,,
The product failed to work after just one week of use.,Negative,Facebook,,
The company has issued a recall for the faulty product.,Negative,Twitter,,
This company is known for its unethical business practices.,Negative,Twitter,,
This is a very poorly researched and biased documentary.,Negative,Twitter,,
I am very unhappy with the constant spam notifications from this app.,Negative,Facebook,,
The background in this photo is too busy and distracting.,Negative,Instagram,,
This is a very irresponsible and dangerous stunt.,Negative,Twitter,,
The product arrived with missing parts.,Negative,Facebook,,
The central bank has increased the interest rates.,Negative,Twitter,,
This company has a history of data breaches.,Negative,Twitter,,
This is a very poorly written and unedited article.,Negative,Twitter,,
I am very disappointed with the rude and unprofessional staff.,Negative,Facebook,,
This 'health product' is a complete scam.,Negative,Twitter,,
This is a very weak and illogical argument.,Negative,Twitter,,
I am very disappointed with the frequent service outages.,Negative,Facebook,,
This company is known for its false advertising.,Negative,Twitter,,
This is a very poorly designed user interface.,Negative,Twitter,,
I am very unhappy with the poor build quality of this device.,Negative,Facebook,,
This 'investment opportunity' is a Ponzi scheme.,Negative,Twitter,,
This is a very poorly executed marketing campaign.,Negative,Twitter,,
I am very disappointed with the lack of transparency from the management.,Negative,Facebook,,
This company is known for its terrible customer support.,Negative,Twitter,,
This is a very weak and baseless accusation.,Negative,Twitter,,
I am very disappointed with the constant delays in the project.,Negative,Facebook,,
This 'news' channel is just a propaganda machine.,Negative,Twitter,,
This is a very poorly written and confusing tutorial.,Negative,Twitter,,
I am very disappointed with the high shipping fees.,Negative,Facebook,,
This company is known for its anti-competitive practices.,Negative,Twitter,,
This is a very poorly researched and inaccurate article.,Negative,Twitter,,
I am very disappointed with the poor battery life of this phone.,Negative,Facebook,,
This 'influencer' is promoting an unhealthy body image.,Negative,Twitter,,
This is a very weak and poorly supported claim.,Negative,Twitter,,
I am very disappointed with the frequent app crashes.,Negative,Facebook,,
This company is known for its history of scams.,Negative,Twitter,,
This is a very poorly designed and confusing website.,Negative,Twitter,,
I am very disappointed with the lack of basic amenities in the hotel.,Negative,Facebook,,
This 'doctor' on social media is giving dangerous medical advice.,Negative,Twitter,,
This is a very weak and unconvincing alibi.,Negative,Twitter,,
I am very disappointed with the constant spam emails I receive from this company.,Negative,Facebook,,
This company is known for its exploitation of natural resources.,Negative,Twitter,,
This is a very poorly written and unengaging novel.,Negative,Twitter,,
I am very disappointed with the poor customer service I received today.,Negative,Facebook,,
This 'news' article is completely fabricated.,Negative,Twitter,,
This is a very weak and unsubstantiated rumor.,Negative,Twitter,,
I am very disappointed with the misleading product description.,Negative,Facebook,,
This company is known for its deceptive marketing tactics.,Negative,Twitter,,
This is a very poorly directed and acted movie.,Negative,Twitter,,
I am very disappointed with the lack of communication regarding my order status.,Negative,Facebook,,
This 'financial expert' is just trying to sell you their course.,Negative,Twitter,,
This is a very weak and flawed argument.,Negative,Twitter,,
I am very disappointed with the poor quality of the online course material.,Negative,Facebook,,
This company is known for its toxic work culture.,Negative,Twitter,,
This is a very poorly organized and chaotic event.,Negative,Twitter,,
The event was okay  but not as good as last year.,Neutral,Instagram,,
Super creepy,Neutral,Instagram,,
This song always puts me in a nostalgic mood. It reminds me of good times,Neutral,Spotify,,
This product is nice but doesn't work on Indian hair.,Neutral,Instagram,,
It's a nice perfume..but it's too strong,Neutral,Youtube,,
What's that called?,Neutral,Instagram,,
There are better places in Hyderabad. ,Neutral,Instagram,,
Smoother than I expected.,Neutral,Instagram,,
The colorâ€™s not the same as in the picture.,Neutral,Instagram,,
I donâ€™t trust that character at all.,Neutral,Youtube,,
The textureâ€™s kind of unexpected.,Neutral,Instagram,,
The designâ€™s pretty minimal.,Neutral,Twitter,,
Tempo is on theÂ slowerÂ side.,Neutral,Spotify,,
Colors are muted throughout.,Neutral,Instagram,,
Trying out a new study technique for upcoming exams. Exploring different learning strategies.,Neutral,Instagram,,
Organizing a community cleanup event for a cleaner neighborhood. Promoting environmental awareness.,Neutral,Twitter,,
Sharing favorite book recommendations with classmates. Building a mini book club.,Neutral,Facebook,,
Experimenting with a new recipe for a school bake sale. Baking adventures in the kitchen.,Neutral,Instagram,,
Collaborating on a school project with peers. Teamwork makes the dream work.,Neutral,Twitter,,
Attending a school club meeting to explore new interests. Dabbling in extracurricular activities.,Neutral,Instagram,,
Exploring a new part-time job opportunity for gaining work experience. Career development in progress.,Neutral,Facebook,,
Attending a school assembly to stay informed about upcoming events and announcements. Staying connected with school activities.,Neutral,Twitter,,
Exploring a new hobby of photography during free time. Capturing moments through a lens.,Neutral,Instagram,,
Participating in a science fair to showcase a unique experiment. Sharing knowledge with peers.,Neutral,Facebook,,
Attending a workshop on time management to enhance organizational skills. Striving for efficiency.,Neutral,Twitter,,
Volunteering at a local charity event to give back to the community. Contributing to social causes.,Neutral,Instagram,,
Collaborating on a group project to promote teamwork and shared responsibilities. Group effort in action.,Neutral,Facebook,,
Participating in a debate club to enhance critical thinking and communication skills. Intellectual engagement in progress.,Neutral,Twitter,,
Trying out a new recipe for dinner tonight.,Neutral,Instagram,,
Missing summer vibes and beach days.,Neutral,Facebook,,
Technology is changing the way we live.,Neutral,Twitter,,
Attending a virtual conference on AI.,Neutral,Facebook,,
"Stay tuned for the next week's episode of ""Hello Reddit, my boss is definitely fucking my best friend, what should I do ?"".. .  ",Neutral,Twitter,,
"Stay tuned for your next week's version of ""Hello Reddit, my boss is definitely NOT my internet friend, what should I expect?""...",Neutral,Twitter,,
is there a particular piece of media u just cannot stand to see for no particular reason. like its not bad you just hate seeing it. mine is borderlands and just anything dnd related,Neutral,Twitter,,
"there's a certain piece of media u just can't bear to see without a special reason. like it's not bad, you just hate to see it. mine is borderland and just everything that goes with it",Neutral,Twitter,,
is there a particular piece of media u just cannot stand to see for no particular reason. like its not bad you just hate seeing it. mine is borderlands and just anything dnd related,Neutral,Twitter,,
is that a particular piece of media u just cannot stand to see for no particular day. like its not bad you should hate seeing it. mine is borderlands and just anything dnd related,Neutral,Twitter,,
is there a particular piece in media u just cannot see it watching for no particular excuse. like its not awful you just hate seeing it. mine is borderlands and just anything dnd related,Neutral,Twitter,,
" Boredom sets in, the day feels endlessly dull.     ",Neutral,Twitter,,
" Boredom settles like dust, life feels mundane.     ",Neutral,Instagram,,
" Boredom lingers, a stagnant pool of indifference.  ",Neutral,Facebook,,
Ran out of snacks during a movie marathon. Crisis level: Emergency! #MovieNightStruggles #TeenProblems,Neutral,Instagram,,
The community meeting is scheduled for 7 pm this friday.,Neutral,Facebook,,
Just a photo of my cat sleeping.,Neutral,Instagram,,
The coffee at this place is just okay.,Neutral,Instagram,,
That's an interesting choice of color for a car.,Neutral,Instagram,,
Looking for recommendations for a good plumber in the area.,Neutral,Facebook,,
Thanks for sharing the recipe. i'll try it this weekend.,Neutral,Facebook,,
The weather is expected to be sunny tomorrow.,Neutral,Twitter,,
The video quality is a bit grainy.,Neutral,Instagram,,
The new park is officially open to the public.,Neutral,Facebook,,
I think you missed a step in the instructions.,Neutral,Instagram,,
This is a picture of a building.,Neutral,Instagram,,
The customer service was neither good nor bad.,Neutral,Facebook,,
I'm selling my old bike. dm for details.,Neutral,Facebook,,
Heard a loud noise outside. anyone know what that was?,Neutral,Facebook,,
The store closes at 9 pm on weekdays.,Neutral,Facebook,,
Just a reminder about the upcoming bake sale for charity.,Neutral,Facebook,,
I'm attending the webinar tomorrow.,Neutral,Twitter,,
The concert was postponed due to rain.,Neutral,Facebook,,
The wall is painted beige.,Neutral,Instagram,,
Can someone please explain what this means?,Neutral,Facebook,,
I have no strong feelings about this announcement.,Neutral,Twitter,,
I'm just here to read the comments.,Neutral,Twitter,,
There's a typo in your post.,Neutral,Facebook,,
The train is running 15 minutes late.,Neutral,Twitter,,
The picture is slightly out of focus.,Neutral,Instagram,,
The road is closed for repairs.,Neutral,Facebook,,
I saw that article as well. it was informative.,Neutral,Facebook,,
The background music is a bit distracting.,Neutral,Instagram,,
I need a vacation.,Neutral,Facebook,,
The stock market is down today.,Neutral,Twitter,,
The meeting is at the conference room on the third floor.,Neutral,Facebook,,
It's a picture of a tree.,Neutral,Instagram,,
This is a factual correction to your post.,Neutral,Facebook,,
That's a very logical argument.,Neutral,Twitter,,
The file has been uploaded.,Neutral,Facebook,,
I think i'll pass on this trend.,Neutral,Instagram,,
The power is back on.,Neutral,Facebook,,
The presentation slides are available for download.,Neutral,Facebook,,
I am simply observing the situation.,Neutral,Facebook,,
This outfit is okay  but it paid off!,Neutral,Instagram,,
The website is down for maintenance.,Neutral,Twitter,,
My condolences to the family.,Neutral,Facebook,,
The warranty has expired.,Neutral,Facebook,,
The book is better than the movie.,Neutral,Instagram,,
It is a photograph of a boat.,Neutral,Instagram,,
The terms and conditions have been updated.,Neutral,Facebook,,
The cat is sitting on the mat.,Neutral,Instagram,,
I have a neutral opinion on this matter.,Neutral,Twitter,,
The flight is on time.,Neutral,Twitter,,
I'm just here for the free food.,Neutral,Facebook,,
This is an unverified claim.,Neutral,Facebook,,
This room could use some more decoration.,Neutral,Instagram,,
The password has been reset.,Neutral,Facebook,,
That's a nice shirt.,Neutral,Instagram,,
The background is a bit blurry.,Neutral,Instagram,,
This looks like a screenshot from a video game.,Neutral,Instagram,,
This information is now outdated.,Neutral,Twitter,,
It appears to be a picture of the sky.,Neutral,Instagram,,
The painting is hanging on the wall.,Neutral,Instagram,,
The appointment is confirmed.,Neutral,Facebook,,
The car is parked outside.,Neutral,Instagram,,
He is wearing a blue jacket.,Neutral,Instagram,,
This is a very common misconception.,Neutral,Twitter,,
That's a bold claim. do you have a source?,Neutral,Twitter,,
This is an interesting development.,Neutral,Facebook,,
The grass is green.,Neutral,Instagram,,
The meeting lasted for one hour.,Neutral,Facebook,,
This is just a test comment.,Neutral,Twitter,,
The details are in the email i sent yesterday.,Neutral,Facebook,,
The store is open from 9 am to 5 pm.,Neutral,Facebook,,
The file size is 10 mb.,Neutral,Twitter,,
I have a different opinion on this topic.,Neutral,Facebook,,
This is a good starting point for the discussion.,Neutral,Facebook,,
The deadline is next friday.,Neutral,Facebook,,
This tweet has a typo.,Neutral,Twitter,,
This is an advertisement.,Neutral,Instagram,,
This is a neutral statement of fact.,Neutral,Twitter,,
It is raining today.,Neutral,Twitter,,
I have no further comments at this time.,Neutral,Facebook,,
This is a duplicate post.,Neutral,Facebook,,
The information is available on their website.,Neutral,Facebook,,
This is a picture of my desk.,Neutral,Instagram,,
I appreciate you sharing this.,Neutral,Facebook,,
You are correct.,Neutral,Facebook,,
That's an interesting theory.,Neutral,Facebook,,
I'm just stating the facts.,Neutral,Twitter,,
I disagree  but i respect your opinion.,Neutral,Facebook,,
The subscription has been cancelled.,Neutral,Facebook,,
This is an automated reply.,Neutral,Twitter,,
This is a very complex issue.,Neutral,Twitter,,
The battery on my laptop is dying.,Neutral,Twitter,,
The meeting has been postponed.,Neutral,Twitter,,
I'm forwarding this to the relevant department.,Neutral,Facebook,,
The movie was just okay.,Neutral,Twitter,,
The traffic is moving slowly.,Neutral,Twitter,,
This is a common problem.,Neutral,Twitter,,
This is a very long thread.,Neutral,Twitter,,
Just a picture of the book i'm currently reading.,Neutral,Instagram,,
Looking for a reliable car mechanic near Gachibli. any recommendations?,Neutral,Facebook,,
It's been raining non-stop since morning here in Hyderabad.,Neutral,Facebook,,
The traffic is unusually light today for a weekday.,Neutral,Twitter,,
The conference call is scheduled for 11 am ist.,Neutral,Twitter,,
This recipe looks good  but i respect your opinion.,Neutral,Instagram,,
This is an interesting art installation.,Neutral,Instagram,,
The new ikea store is always so crowded.,Neutral,Facebook,,
I saw that movie yesterday. it was alright.,Neutral,Facebook,,
I'm selling my old study table. please dm if interested.,Neutral,Facebook,,
Is there a farmers market happening this weekend in Jubilee Hills?,Neutral,Facebook,,
The presentation will be shared via email after the meeting.,Neutral,Twitter,,
Can anyone suggest a good place for team lunch around HITEC City?,Neutral,Facebook,,
The webinar has been postponed to next week.,Neutral,Twitter,,
That's a very specific shade of blue.,Neutral,Instagram,,
I don't really have an opinion on this.,Neutral,Twitter,,
The lighting in this video is a bit dark.,Neutral,Instagram,,
I'm just here to see what people are saying.,Neutral,Twitter,,
My phone's battery is draining faster than usual today.,Neutral,Facebook,,
The cat is sleeping on a chair.,Neutral,Instagram,,
The price of petrol has gone up again.,Neutral,Twitter,,
This song is okay  but i prefer their older music.,Neutral,Instagram,,
The restaurant is located on the second floor.,Neutral,Instagram,,
The next train will arrive in 5 minutes.,Neutral,Twitter,,
The new office building has a nice view.,Neutral,Facebook,,
The weather forecast says it will be cloudy tomorrow.,Neutral,Twitter,,
The table is made of wood.,Neutral,Instagram,,
The seminar will take place in the main auditorium.,Neutral,Facebook,,
I don't think that's how that word is spelled.,Neutral,Twitter,,
This is a picture of a coffee mug.,Neutral,Instagram,,
The meeting's agenda was sent out this morning.,Neutral,Facebook,,
The flight is expected to land on schedule.,Neutral,Twitter,,
That's an interesting perspective that i hadn't considered.,Neutral,Twitter,,
My condolences to you and your family during this difficult time.,Neutral,Facebook,,
The new art exhibition downtown looks interesting.,Neutral,Twitter,,
I am available for a meeting tomorrow afternoon.,Neutral,Facebook,,
The architecture of this building is quite unique.,Neutral,Instagram,,
I'm not sure what this video is trying to say.,Neutral,Instagram,,
The details for the event are on the flyer.,Neutral,Facebook,,
I think this meeting could have been an email.,Neutral,Facebook,,
The sky is a very interesting shade of grey today.,Neutral,Twitter,,
The video is age-restricted.,Neutral,Instagram,,
The report will be published next month.,Neutral,Twitter,,
The plant in the corner is a fiddle leaf fig.,Neutral,Instagram,,
The stock price has remained stable this week.,Neutral,Twitter,,
The car is painted red.,Neutral,Instagram,,
The new employee orientation is tomorrow at 9 am.,Neutral,Facebook,,
This fashion trend is not for me.,Neutral,Instagram,,
The terms of service have been updated again.,Neutral,Facebook,,
The train to vijayawada is delayed by an hour.,Neutral,Twitter,,
I am not sure how to respond to this.,Neutral,Facebook,,
The registration deadline is this friday.,Neutral,Facebook,,
The water level in the reservoirs has increased after the rains.,Neutral,Twitter,,
The air quality index is moderate today.,Neutral,Twitter,,
The dog is wagging its tail.,Neutral,Instagram,,
The curtains are a light shade of green.,Neutral,Instagram,,
The park is closed for maintenance until further notice.,Neutral,Facebook,,
I need to update my contact information.,Neutral,Facebook,,
The cat is looking out the window.,Neutral,Instagram,,
The final episode of the series airs next sunday.,Neutral,Twitter,,
This is a very generic motivational post.,Neutral,Instagram,,
The warranty on this product is only for six months.,Neutral,Facebook,,
The next solar eclipse will be visible in our region next year.,Neutral,Twitter,,
I am looking forward to the long weekend.,Neutral,Facebook,,
The tree is losing its leaves.,Neutral,Instagram,,
The password must contain at least one special character.,Neutral,Twitter,,
The bus is scheduled to arrive at 10:30 am.,Neutral,Twitter,,
Our monthly book club meeting is this saturday.,Neutral,Facebook,,
The 'new' design looks exactly like the old one.,Neutral,Instagram,,
The final exam results have been published online.,Neutral,Twitter,,
The movie was good  but the book was much better.,Neutral,Instagram,,
Please add me to the group.,Neutral,Facebook,,
The monsoon has finally arrived in the city.,Neutral,Twitter,,
I am not sure what to think about this news.,Neutral,Twitter,,
I don't find this meme funny.,Neutral,Instagram,,
The next session starts after the lunch break.,Neutral,Facebook,,
The temperature is expected to drop tonight.,Neutral,Twitter,,
The camera angle in this video is a bit awkward.,Neutral,Instagram,,
The meeting link was sent in the calendar invite.,Neutral,Facebook,,
The new traffic rules are being implemented from next month.,Neutral,Twitter,,
The colours look a bit washed out in this photo.,Neutral,Instagram,,
The office will be closed for the public holiday.,Neutral,Facebook,,
The post has been edited.,Neutral,Instagram,,
Does anyone know if there will be a power cut in the Kukatpally area tomorrow?,Neutral,Facebook,,
The floral arrangement in the background is beautiful.,Neutral,Instagram,,
The reflection in the window is a bit distracting from the main subject.,Neutral,Instagram,,
I'm looking for a quiet cafe to work from in Banjara Hills  any suggestions?,Neutral,Facebook,,
The shadow in the bottom left corner is a bit harsh.,Neutral,Instagram,,
The book on the shelf is titled 'The Silent Patient'.,Neutral,Instagram,,
Does anyone have a contact for a reliable pest control service?,Neutral,Facebook,,
The background of this photo is slightly out of focus.,Neutral,Instagram,,
This meme is getting old now.,Neutral,Twitter,,
The reflection of the camera is visible in the sunglasses.,Neutral,Instagram,,
The stock market has been very volatile this week.,Neutral,Twitter,,
I'm looking for volunteers for a weekend charity drive.,Neutral,Facebook,,
The dog in the background seems very happy.,Neutral,Instagram,,
The new trade agreement will have significant economic impacts.,Neutral,Twitter,,
Does anyone know when the new flyover will be open to the public?,Neutral,Facebook,,
My deepest condolences to the family for their loss.,Neutral,Facebook,,
The registration for the marathon closes tomorrow.,Neutral,Twitter,,
The person walking in the background is wearing a red shirt.,Neutral,Instagram,,
I'm selling my old guitar  hardly used. DM for price.,Neutral,Facebook,,
The weather report predicts thunderstorms for the weekend.,Neutral,Twitter,,
The picture is slightly tilted to the left.,Neutral,Instagram,,
The exchange rate has fluctuated a lot this month.,Neutral,Twitter,,
Our family is planning a trip to Tirupati next month.,Neutral,Facebook,,
The plant in the pot needs to be watered.,Neutral,Instagram,,
I am looking for a tutor for my son's math classes.,Neutral,Facebook,,
The new smartphone model was launched today.,Neutral,Twitter,,
I'm not sure if this is the right forum for this question.,Neutral,Facebook,,
The traffic police are conducting helmet checks at the junction.,Neutral,Facebook,,
The book seems to have a printing error on this page.,Neutral,Instagram,,
I am looking for a place to donate old clothes.,Neutral,Facebook,,
The deadline for the project has been extended by a week.,Neutral,Twitter,,
The bird in the tree is a bulbul.,Neutral,Instagram,,
I am looking for a pg accommodation near the financial district.,Neutral,Facebook,,
The new art gallery has some very interesting exhibits.,Neutral,Instagram,,
The annual society meeting is scheduled for next sunday.,Neutral,Facebook,,
The car in the background is a Maruti Suzuki Swift.,Neutral,Instagram,,
Does anyone have the contact number for a good caterer?,Neutral,Facebook,,
The new episode of the podcast was released this morning.,Neutral,Twitter,,
I'm not sure I understand the point you're trying to make.,Neutral,Twitter,,
The shirt has a small stain on the collar.,Neutral,Instagram,,
Our old school friends are planning a get-together next month.,Neutral,Facebook,,
The new trade policy will affect import duties.,Neutral,Twitter,,
I'm not interested in this debate.,Neutral,Facebook,,
The warranty does not cover accidental damage.,Neutral,Facebook,,
The chair is placed in the corner of the room.,Neutral,Instagram,,
I am looking for a good dance class for my daughter.,Neutral,Facebook,,
The new museum exhibit opens to the public next week.,Neutral,Twitter,,
I'm not getting involved in this drama.,Neutral,Facebook,,
The company announced its quarterly earnings today.,Neutral,Twitter,,
I have a neutral stance on this particular issue.,Neutral,Twitter,,
The local election results will be announced tomorrow evening.,Neutral,Twitter,,
I'm not going to argue with you about this.,Neutral,Facebook,,
The text on the image is difficult to read.,Neutral,Instagram,,
I am looking for a used car in good condition.,Neutral,Facebook,,
The laptop is placed on the desk.,Neutral,Instagram,,
Our apartment society is organizing a new year's eve party.,Neutral,Facebook,,
The new policy will be effective from the first of next month.,Neutral,Twitter,,
I'm just here for the memes.,Neutral,Facebook,,
The water is calm and reflects the sky.,Neutral,Instagram,,
I am looking for a rental apartment in a gated community.,Neutral,Facebook,,
The new flyover has been named after a local freedom fighter.,Neutral,Twitter,,
I'm not taking sides in this argument.,Neutral,Facebook,,
The flower has five petals.,Neutral,Instagram,,
Our family is celebrating a big anniversary this weekend.,Neutral,Facebook,,
The keyboard is missing the 'f1' key.,Neutral,Instagram,,
I am looking for a partner for my new startup.,Neutral,Facebook,,
The wall clock has stopped working.,Neutral,Instagram,,
I am planning to sell my old furniture.,Neutral,Facebook,,
The leaves on the tree are green.,Neutral,Instagram,,
Our local school is organizing its annual sports day next week.,Neutral,Facebook,,
The coffee in the cup is black.,Neutral,Instagram,,
I am looking for a co-founder for my tech startup.,Neutral,Facebook,,
The book is lying open on the table.,Neutral,Instagram,,
Our neighborhood is organizing a clean-up drive on Sunday morning.,Neutral,Facebook,,
The pen is blue.,Neutral,Instagram,,
I am looking for a roommate for my 2bhk apartment.,Neutral,Facebook,,
The laptop screen is cracked.,Neutral,Instagram,,
Our company's annual offsite is scheduled for next month.,Neutral,Facebook,,
The mouse is not working.,Neutral,Instagram,,
I am looking for a buyer for my old motorcycle.,Neutral,Facebook,,
The remote control is missing its battery cover.,Neutral,Instagram,,
Our family is going on a pilgrimage next week.,Neutral,Facebook,,
The chair has a broken leg.,Neutral,Instagram,,
I am looking for a weekend getaway destination near Hyderabad.,Neutral,Facebook,,
The phone is not charging.,Neutral,Instagram,,
Our alumni association is planning a virtual meet-up.,Neutral,Facebook,,
The printer is out of ink.,Neutral,Instagram,,
I am looking for a good gym with a swimming pool in my area.,Neutral,Facebook,,
The speaker is making a crackling sound.,Neutral,Instagram,,
Our company is hiring for several open positions.,Neutral,Facebook,,
The camera lens is smudged.,Neutral,Instagram,,
I am looking for a good veterinarian for my pet cat.,Neutral,Facebook,,
This movie is amazing!,Positive,Youtube ,,
Best horror movie.,Positive,Twitter,,
Looks soooooooo good ðŸ™ŒðŸ» can't wait x,Positive,Instagram,,
Oooooo I'm so excited,Positive,Twitter,,
This book made me feel inspired. Highly recommended!,Positive,Spotify,,
Every page is worth it !!!,Positive,Twitter,,
Thank you for your honesty review ðŸ˜Š,Positive,Instagram,,
Bare anatomy curl enhance hair mask is such a pookiesuch a good one for frizzy hair,Positive,Youtube,,
Beautiful video,Positive,Youtube,,
These are soooooo beautiful ðŸ˜­ðŸŽ€,Positive,Twitter,,
Try adding vitamin E oil while youâ€™re at it! Itâ€™s so good for the skin :),Positive,Youtube,,
I had an incredible experience at the theme park. So much fun!,Positive,Youtube,,
The food at this cafe exceeded my expectations. Absolutely delicious!,Positive,Instagram,,
The customer service at this store is top-notch.,Positive,Twitter,,
Just had the best meal of my life! ðŸ˜,Positive,Youtube,,
That shot gave me chills.ðŸ«¨,Positive,Youtube,,
Wowâ€¦ they really went there.,Positive,Instagram,,
I can't stop listening to this song. It's incredible!,Positive,Spotify,,
The roller coaster ride was exhilarating! Pure adrenaline rush!,Positive,Youtube,,
The hot chocolate at this place is delicious!!! soo yummðŸ˜‹,Positive,Instagram,,
I'm impressed with the sound quality of these headphones. Excellent!,Positive,Youtube,,
This book kept me hooked from start to finish. A captivating read!,Positive,Instagram,,
Lyrics are easy to follow.,Positive,Spotify,,
Celebrating a friend's birthday with a surprise party. Joyful moments and laughter all around!,Positive,Instagram,,
Successfully completing a challenging coding project. Excitement for overcoming coding hurdles!,Positive,Twitter,,
Attending a school talent show to support classmates. Applauding the diverse talents on display!,Positive,Facebook,,
"Exploring a new hiking trail with friends over the weekend. Nature, laughter, and good vibes! ",Positive,Instagram,,
Winning a friendly sports competition against rival schools. Victory celebrations in full swing!,Positive,Twitter,,
Receiving a heartfelt letter from a pen pal in another country. Connecting across the globe!,Positive,Facebook,,
Creating a beautiful mural with fellow art enthusiasts. The power of collaboration and creativity!,Positive,Instagram,,
Participating in a school-wide art exhibition. Witnessing creativity and spreading positive vibes!,Positive,Instagram,,
Achieving a personal best in a track and field competition. The thrill of victory and self-improvement!,Positive,Twitter,,
Collaborating on a science project that received recognition at a regional fair. Science triumphs and smiles!,Positive,Facebook,,
"Attending a surprise birthday party organized by friends. Surrounded by love, laughter, and good company! ",Positive,Instagram,,
Successfully fundraising for a school charity initiative. The joy of giving back to the community!,Positive,Twitter,,
"Participating in a multicultural festival, celebrating diversity with music, dance, and delicious food! ",Positive,Facebook,,
"Organizing a virtual talent show during challenging times, bringing smiles to classmates' faces! ",Positive,Instagram,,
Enjoying a beautiful day at the park!,Positive,Twitter,,
Just finished an amazing workout! ðŸ’ª,Positive,Instagram,,
Excited about the upcoming weekend getaway!,Positive,Facebook,,
Feeling grateful for the little things in life.,Positive,Twitter,,
Rainy days call for cozy blankets and hot cocoa.,Positive,Facebook,,
The new movie release is a must-watch!,Positive,Instagram,,
Just published a new blog post. Check it out!,Positive,Instagram,,
Exploring the city's hidden gems.,Positive,Facebook,,
" New year, new fitness goals! ðŸ’ª                    ",Positive,Instagram,,
Reflecting on the past and looking ahead.,Positive,Facebook,,
Just adopted a cute furry friend! ðŸ¾,Positive,Instagram,,
Late-night gaming session with friends.,Positive,Twitter,,
Sipping coffee and enjoying a good book.,Positive,Twitter,,
Exploring the world of virtual reality.,Positive,Facebook,,
Productive day ticking off my to-do list.,Positive,Instagram,,
Just finished a challenging workout routine.,Positive,Twitter,,
Celebrating a milestone at work! ðŸŽ‰,Positive,Facebook,,
Sunday brunch with friends.,Positive,Instagram,,
Learning a new language for personal growth.,Positive,Facebook,,
Quiet evening with a good book.,Positive,Instagram,,
Reflecting on the importance of mental health.,Positive,Twitter,,
New painting in progress! ðŸŽ¨,Positive,Facebook,,
Weekend road trip to explore scenic views.,Positive,Instagram,,
Enjoying a cup of tea and watching the sunset.,Positive,Twitter,,
Coding a new project with enthusiasm.,Positive,Facebook,,
Feeling inspired after attending a workshop.,Positive,Instagram,,
Winter sports day at the local park.,Positive,Twitter,,
Quality time with family this weekend.,Positive,Facebook,,
Attending a live music concert tonight.,Positive,Instagram,,
Practicing mindfulness with meditation.,Positive,Twitter,,
Trying out a new dessert recipe.,Positive,Facebook,,
Excited about the upcoming gaming tournament.,Positive,Instagram,,
Planning a garden makeover for spring.,Positive,Twitter,,
Celebrating a friend's birthday tonight! ðŸŽ‚,Positive,Facebook,,
Feeling accomplished after a productive day.,Positive,Instagram,,
A cozy evening with a good movie.,Positive,Twitter,,
Exploring local art galleries this weekend.,Positive,Facebook,,
New book release from my favorite author!,Positive,Instagram,,
Attending a virtual reality meetup.,Positive,Twitter,,
Reflecting on the beauty of nature.,Positive,Facebook,,
Cooking a special dinner for loved ones.,Positive,Instagram,,
Feeling optimistic about the week ahead.,Positive,Twitter,,
Starting a new fitness challenge tomorrow! ðŸ’ª,Positive,Facebook,,
Sunday bike ride through scenic trails.,Positive,Instagram,,
Laughter is the best medicineâ€”enjoying a comedy show.,Positive,Facebook,,
Laughter is the key to joyâ€”attending a stand-up comedy show.,Positive,Facebook,,
"Dancing on sunshine, each step a celebration of the joy found in simple moments. ",Positive,Instagram,,
"Overflowing with joy, a cup of laughter shared with friends, a moment cherished. ",Positive,Twitter,,
"Surrounded by the colors of joy, a canvas painted with laughter and endless smiles. ",Positive,Instagram,,
"Amidst the tulip fields of Keukenhof, a tapestry of colors that paints the soul with springtime joy. ",Positive,Instagram,,
"Immersed in the pulsating beats of a Bruno Mars concert, where 'Uptown Funk' becomes a city of joy. ",Positive,Facebook,,
"Celebrating a historic victory in the World Cup, the nation erupts in joy, united by the triumph of their football team. ",Positive,Instagram,,
Spent an hour choosing the perfect filter for a selfie. The struggle for that Instagram aesthetic is real. #SelfieQueen #TeenVibes,Positive,Facebook,,
"Discovered a new book series and spent the whole night reading. Who needs sleep, anyway? #BookwormLife #LateNightReading ",Positive,Twitter,,
Spent the day binge-watching a new series. Productivity level: Zero. #LazyDay #TVSeriesMarathon,Positive,Facebook,,
Spent hours creating the perfect playlist for every mood. Music is my therapy. #PlaylistMaker #TeenMusicLover,Positive,Facebook,,
Attended a concert and danced the night away. Music is the heartbeat of life. #ConcertVibes #DanceAllNight,Positive,Facebook,,
Rediscovered childhood cartoons and had a nostalgia-filled marathon. #CartoonNostalgia #TeenMemories,Positive,Twitter,,
"Attended a classical music concert, feeling the timeless melodies resonate. Music transcends generations. #ClassicalMusic #TimelessMelodies ",Positive,Facebook,,
Capturing the beauty of nature through photography. Every snapshot is a treasure. #NaturePhotography #SeniorPhotographer,Positive,Instagram,,
"Embarked on a road trip to revisit cherished places from the past. Nostalgia, the ultimate travel companion. #RoadTrip #NostalgiaTour ",Positive,Facebook,,
"Joined a community choir, harmonizing with fellow voices. Music creates bonds that withstand time. #CommunityChoir #HarmonyInAging ",Positive,Instagram,,
"Participated in a community art class, unleashing creativity in the golden years. Art has no age limit. #ArtClass #SeniorArtistry ",Positive,Twitter,,
"Joined a nature photography club, capturing the beauty of the great outdoors. Every click is a connection to nature. #NaturePhotography #SeniorPhotographer ",Positive,Facebook,,
"Attended a jazz concert and swayed to the rhythm of timeless tunes. Music, a constant companion in the golden years. #JazzConcert #SeniorMusic ",Positive,Instagram,,
"Attended a vintage car show, reminiscing about the classics that once ruled the roads. Nostalgia in every rev. #VintageCars #ClassicRides ",Positive,Facebook,,
"Started a community garden, growing not just plants but friendships too. Green thumbs unite! #CommunityGarden #SeniorGardener ",Positive,Twitter,,
"Enrolled in a dance class for seniors, moving to the rhythm of life. Age is just a number on the dance floor. #DanceClass #SeniorDancer ",Positive,Twitter,,
"Visited an art gallery, appreciating the brushstrokes that tell tales of creativity. Art, an eternal companion. #ArtGallery #SeniorArtLover ",Positive,Facebook,,
"Started a book club for seniors, where discussions are as lively as the characters in the novels. #BookClub #SeniorReaders ",Positive,Instagram,,
"Participated in a local theater production, proving that the stage belongs to every age. #TheaterProduction #SeniorActor ",Positive,Facebook,,
"Attended a wine tasting event, savoring the richness of flavors that age like fine wine. Cheers to the golden years! #WineTasting #SeniorWineLover ",Positive,Instagram,,
"Started learning ballroom dancing, gliding gracefully across the dance floor. Ageless elegance in every step. #BallroomDancing #SeniorDancer ",Positive,Twitter,,
"Organized a community painting event, turning blank canvases into a masterpiece of shared creativity. #PaintingEvent #SeniorArtist ",Positive,Facebook,,
"Attended a local jazz festival, tapping toes to the tunes that have stood the test of time. Music, a lifelong love affair. #JazzFestival #SeniorMusicLover ",Positive,Facebook,,
"Started a photography club at school. Capturing moments, one snapshot at a time! ",Positive,Instagram,,
Bonding with friends over the latest K-pop sensation. Fangirling at its finest!,Positive,Facebook,,
Spent hours perfecting a chemistry experiment. Mixing potions like a wizard!,Positive,Instagram,,
Successfully organized a surprise birthday party for a friend. Party planning expert mode: Achieved!,Positive,Twitter,,
Mastering the art of the perfect doodle during boring classes. Doodles: A+!,Positive,Twitter,,
Mastered the art of creating paper airplanes during lecture. Paper planes: Soaring to new heights!,Positive,Instagram,,
Danced in the rain to celebrate the end of exams. Rain dance: Unexpectedly refreshing!,Positive,Facebook,,
Perfecting the art of creating origami during a dull lecture. Origami mastery: A+!,Positive,Twitter,,
Creating a secret handshake with friends. Friendship level: Expert!,Positive,Facebook,,
Practicing a stand-up comedy routine for the upcoming talent show. Comedy gig: In the making!,Positive,Instagram,,
Crafting intricate friendship bracelets for the whole squad. Friendship level: Expert weaver!,Positive,Instagram,,
Organizing a movie marathon with friends. Popcorn and cinematic adventures await!,Positive,Facebook,,
Building a time capsule to capture memories for the future. Time-traveling emotions!,Positive,Facebook,,
What a stunning piece of artwork! The details are incredible.,Positive,Instagram,,
Had a wonderful time at the family get-together. so good to see everyone!,Positive,Facebook,,
So excited for the concert tonight! it's going to be epic. #livemusic,Positive,Twitter,,
Happy anniversary to my amazing parents!,Positive,Facebook,,
This tutorial was so helpful! i finally understand how it works.,Positive,Instagram,,
Wow,Positive,Instagram,,
This handmade jewelry is absolutely beautiful. such talent!,Positive,Instagram,,
This quote is so inspiring. i needed this today.,Positive,Facebook,,
Just finished a 5k run this morning. feeling great!,Positive,Facebook,,
This meme perfectly captures my mood today. ðŸ˜‚,Positive,Instagram,,
Best biryani i've ever had! 10/10 would recommend.,Positive,Instagram,,
Happy birthday! hope you have a fantastic day!,Positive,Facebook,,
That was a great game! what a finish!,Positive,Twitter,,
Love the aesthetic of your feed! âœ¨,Positive,Instagram,,
The sunset from our balcony was gorgeous tonight.,Positive,Instagram,,
Such an adorable dog! look at that face!,Positive,Instagram,,
I wholeheartedly agree with this statement.,Positive,Twitter,,
Your photography skills are amazing!,Positive,Instagram,,
What a thoughtful gift! thank you so much!,Positive,Facebook,,
Great analysis in this thread. you've made some excellent points.,Positive,Twitter,,
This is my new favorite song. on repeat all day!,Positive,Twitter,,
Your garden looks so beautiful and peaceful.,Positive,Facebook,,
This is the best news i've heard all week!,Positive,Twitter,,
Congratulations on your graduation! ðŸŽ“,Positive,Facebook,,
This workout routine is intense but effective!,Positive,Instagram,,
This new coffee shop has such a cozy vibe.,Positive,Instagram,,
Happy diwali to everyone celebrating!,Positive,Facebook,,
Thank you for your service! we appreciate you.,Positive,Facebook,,
This diy project looks so fun to try!,Positive,Instagram,,
This is peak comedy. i can't stop laughing.,Positive,Twitter,,
What an inspiring story! thanks for sharing.,Positive,Facebook,,
That was an incredibly risky move in the game  but it paid off!,Positive,Twitter,,
Good luck with your exam tomorrow!,Positive,Facebook,,
Your new hairstyle looks fantastic!,Positive,Instagram,,
This beach looks like paradise! ðŸŒ´,Positive,Instagram,,
So happy to announce our engagement!,Positive,Facebook,,
The food here is delicious! everyone should try it.,Positive,Instagram,,
Your baby is so adorable! congratulations!,Positive,Facebook,,
This new sci-fi movie looks promising.,Positive,Twitter,,
Wishing you a speedy recovery!,Positive,Facebook,,
This is a powerful and important message.,Positive,Twitter,,
This cake looks too good to eat! ðŸŽ‚,Positive,Instagram,,
This is the most wholesome thing i've seen all day.,Positive,Instagram,,
The new library branch is finally open!,Positive,Facebook,,
I'm so proud of what we've accomplished together.,Positive,Facebook,,
This is hilarious! made my day.,Positive,Twitter,,
Finally got my hands on the new gaming console!,Positive,Twitter,,
The view from the top of that hike must be incredible.,Positive,Instagram,,
A big thank you to all the volunteers!,Positive,Facebook,,
This color looks great on you!,Positive,Instagram,,
This is a truly underrated movie.,Positive,Twitter,,
The charity event was a huge success!,Positive,Facebook,,
Congratulations on the new home! ðŸ¡,Positive,Facebook,,
This ai art is getting really impressive.,Positive,Twitter,,
That's a clever way to solve the problem.,Positive,Instagram,,
Thank you for the birthday wishes everyone!,Positive,Facebook,,
This house plant is thriving! so happy.,Positive,Instagram,,
What a great band! they deserve more recognition.,Positive,Twitter,,
Our team won the championship! so proud!,Positive,Facebook,,
An excellent point. i hadn't considered that.,Positive,Twitter,,
I love our local community! everyone is so supportive.,Positive,Facebook,,
You've earned a follow from me! great content.,Positive,Twitter,,
What a beautiful wedding! congratulations to the happy couple.,Positive,Facebook,,
This is the kind of content i love to see.,Positive,Twitter,,
The cat in this video is so fluffy!,Positive,Instagram,,
This is a very well-written article.,Positive,Facebook,,
Your dog is so well-behaved!,Positive,Facebook,,
So excited to start my new job on monday!,Positive,Facebook,,
That's a very insightful question.,Positive,Facebook,,
This is a very calming video.,Positive,Instagram,,
This is a fantastic resource for students.,Positive,Twitter,,
Your progress is so inspiring to watch!,Positive,Instagram,,
You explain complex topics so clearly. thank you!,Positive,Twitter,,
That joke was hilarious!,Positive,Instagram,,
We are so grateful for all your support.,Positive,Facebook,,
The flowers in your garden are beautiful.,Positive,Instagram,,
Sending prayers and positive thoughts your way.,Positive,Facebook,,
The lighting in this room is perfect for photos.,Positive,Instagram,,
Welcome to the neighborhood!,Positive,Facebook,,
This is such a heartwarming story.,Positive,Instagram,,
What a talented musician!,Positive,Instagram,,
This looks like a great place to visit.,Positive,Instagram,,
The baby in this picture is so cute!,Positive,Instagram,,
What a delicious-looking meal!,Positive,Instagram,,
The volunteers did an amazing job.,Positive,Facebook,,
The plot twist was amazing! i didn't see it coming.,Positive,Twitter,,
Your new profile picture looks great!,Positive,Facebook,,
What a great photo of the family!,Positive,Facebook,,
I'm so happy for you! congratulations!,Positive,Facebook,,
That's a beautiful piece of poetry.,Positive,Instagram,,
This is my favorite spot in the city.,Positive,Instagram,,
This is an excellent tutorial  i can't understand them.,Positive,Instagram,,
The meeting was productive.,Positive,Facebook,,
This photo brings back so many good memories.,Positive,Instagram,,
So proud of my team for hitting our quarterly goals!,Positive,Facebook,,
This is a brilliant idea!,Positive,Twitter,,
The new campus looks impressive.,Positive,Facebook,,
The concert was amazing last night!,Positive,Instagram,,
Your progress is inspiring! keep up the great work.,Positive,Instagram,,
This makes me so happy.,Positive,Instagram,,
That was a very kind gesture.,Positive,Facebook,,
The new park is a great addition to the neighborhood.,Positive,Facebook,,
What a view! absolutely breathtaking.,Positive,Instagram,,
This is an incredible achievement. congratulations!,Positive,Instagram,,
This is so relatable it hurts.,Positive,Instagram,,
What a legend!,Positive,Twitter,,
Your dog is adorable.,Positive,Instagram,,
The community here is so welcoming.,Positive,Facebook,,
This is a work of art.,Positive,Instagram,,
I had a great time at the event.,Positive,Facebook,,
The weather is nice today.,Positive,Instagram,,
This is so funny i'm crying.,Positive,Instagram,,
This looks like a fun game.,Positive,Facebook,,
This new phone's camera quality is absolutely insane! #tech,Positive,Twitter,,
Your home decor aesthetic is goals! so beautifully done.,Positive,Instagram,,
This haleem is the best i've tasted this season! a must-try.,Positive,Instagram,,
The plot of this new web series is incredibly captivating.,Positive,Twitter,,
The colours in this sunset photo are just magical.,Positive,Instagram,,
This reel transition was so seamless! how did you do that?,Positive,Instagram,,
Such a beautiful and heartwarming wedding video. congratulations!,Positive,Instagram,,
The new metro line extension is a fantastic initiative.,Positive,Twitter,,
Happy birthday  aunty! wish you many happy returns of the day.,Positive,Facebook,,
Your dog is the cutest thing i've ever seen!,Positive,Instagram,,
This piece of investigative journalism is absolutely brilliant and much needed.,Positive,Twitter,,
What a phenomenal catch in the final over! #cricket,Positive,Twitter,,
The composition of this photograph is perfect.,Positive,Instagram,,
This is such a powerful and moving documentary.,Positive,Facebook,,
I finally managed to get a reservation at that new restaurant!,Positive,Facebook,,
The sky over Hussain Sagar lake looks amazing this evening.,Positive,Instagram,,
Congratulations on the new addition to your family!,Positive,Facebook,,
What an incredible display of skill and dedication.,Positive,Instagram,,
Your garden is absolutely thriving! what's your secret?,Positive,Facebook,,
This sponsored post actually seems useful for once.,Positive,Instagram,,
The new public park is a great place for a morning walk.,Positive,Facebook,,
This is a very clever and witty response.,Positive,Twitter,,
The event was well-organized and started on time.,Positive,Facebook,,
This is the most beautiful saree i've ever seen!,Positive,Instagram,,
This is an excellent summary of the situation. thank you!,Positive,Twitter,,
Wishing a very happy onam to everyone celebrating!,Positive,Facebook,,
This is a very important issue that needs more attention.,Positive,Facebook,,
I'm so proud of my daughter's performance in her school play!,Positive,Facebook,,
The new metro station is very clean and well-maintained.,Positive,Facebook,,
What a brilliant move by the chess player!,Positive,Twitter,,
This is a very aesthetically pleasing flat lay.,Positive,Instagram,,
Your travel photos always inspire me to explore.,Positive,Instagram,,
This piece of classical music is so soothing.,Positive,Instagram,,
Congratulations on 10 years of wonderful marriage!,Positive,Facebook,,
This is an amazing charity initiative. happy to support it.,Positive,Facebook,,
What an incredible athletic achievement!,Positive,Twitter,,
This homemade pasta looks absolutely delicious.,Positive,Instagram,,
This is a very heartwarming story of community spirit.,Positive,Facebook,,
Your dance cover of this song is perfect!,Positive,Instagram,,
Wishing you a safe and happy journey!,Positive,Facebook,,
This is such a creative and unique piece of art.,Positive,Instagram,,
Your new haircut looks amazing on you!,Positive,Facebook,,
This is a great tutorial for beginners. thank you for making it.,Positive,Instagram,,
This is a very powerful and thought-provoking film.,Positive,Facebook,,
What a beautiful and elegant wedding dress!,Positive,Instagram,,
This is a fantastic achievement for the entire team.,Positive,Facebook,,
Your child's drawing is adorable!,Positive,Facebook,,
This thread has some really valuable information.,Positive,Twitter,,
Happy ganesh chaturthi to all!,Positive,Facebook,,
This is a great accomplishment. you should be very proud.,Positive,Facebook,,
Congratulations on your new business venture! wishing you all the success.,Positive,Facebook,,
This is a very peaceful and serene location.,Positive,Instagram,,
This homemade cake looks professionally made!,Positive,Instagram,,
Your pet is so well trained!,Positive,Instagram,,
This is a wonderful tribute to a great person.,Positive,Facebook,,
Happy anniversary to my favorite couple!,Positive,Facebook,,
This is a fantastic example of sustainable design.,Positive,Instagram,,
The new library is a wonderful resource for the community.,Positive,Facebook,,
This is a very insightful analysis. well done.,Positive,Twitter,,
This is such a fun and engaging way to learn.,Positive,Instagram,,
Our family had a wonderful vacation. so many great memories!,Positive,Facebook,,
This is a great initiative to promote local artisans.,Positive,Facebook,,
What a beautiful rendition of a classic song.,Positive,Instagram,,
I completely agree with your assessment of the situation.,Positive,Twitter,,
This is such a cute and thoughtful handmade gift.,Positive,Instagram,,
Your new kitchen renovation looks amazing!,Positive,Facebook,,
This is a very inspiring story of perseverance.,Positive,Facebook,,
This is the most delicious-looking salad i've ever seen.,Positive,Instagram,,
Congratulations on winning the competition!,Positive,Twitter,,
This is a very beautiful and intricate henna design.,Positive,Instagram,,
Our college reunion is planned for next month.,Positive,Facebook,,
This is a fantastic resource for mental health awareness.,Positive,Facebook,,
What a powerful and emotional performance.,Positive,Instagram,,
The new highway has significantly reduced travel time.,Positive,Twitter,,
Your pottery work is absolutely stunning!,Positive,Instagram,,
Wishing you a blessed eid Mubarak!,Positive,Facebook,,
This is a very clever marketing campaign.,Positive,Twitter,,
Happy raksha bandhan to all the brothers and sisters!,Positive,Facebook,,
This cozy reading nook looks like heaven.,Positive,Instagram,,
What an amazing goal! the crowd is going wild.,Positive,Twitter,,
This is a great opportunity for students and recent graduates.,Positive,Facebook,,
This is a very beautiful piece of embroidery.,Positive,Instagram,,
Your new baby is absolutely precious. congratulations!,Positive,Instagram,,
The local market is a great place to buy fresh vegetables.,Positive,Facebook,,
This latte art is too pretty to drink!,Positive,Instagram,,
Your collection of vintage cameras is incredible.,Positive,Instagram,,
This is a wonderful initiative for animal welfare.,Positive,Facebook,,
What a stunning view from your hotel room!,Positive,Twitter,,
This is an excellent and well-researched article.,Positive,Twitter,,
This is such a creative use of everyday objects in art.,Positive,Instagram,,
Your daughter is a very talented singer!,Positive,Instagram,,
Happy ugadi to you and your family!,Positive,Facebook,,
This is a great way to recycle and reduce waste.,Positive,Facebook,,
This is a beautiful hand-painted mural.,Positive,Instagram,,
Your new puppy is so full of energy and joy!,Positive,Facebook,,
This is a great platform for independent artists to showcase their work.,Positive,Facebook,,
This is such a cozy and inviting living room setup.,Positive,Instagram,,
What a fantastic performance by the entire cast!,Positive,Facebook,,
This is a wonderful organization doing important work.,Positive,Facebook,,
Your garden is a true paradise!,Positive,Instagram,,
Happy baisakhi to all my friends celebrating!,Positive,Facebook,,
The new metro timings are very convenient.,Positive,Twitter,,
This is a very elegant and timeless piece of furniture.,Positive,Instagram,,
Your new song is on repeat! absolutely love it.,Positive,Instagram,,
This is a very brave and necessary conversation to have.,Positive,Facebook,,
This is a beautiful family portrait.,Positive,Facebook,,
I completely agree. well said!,Positive,Twitter,,
This is such a creative and delicious-looking recipe.,Positive,Instagram,,
Your handwriting is so neat and beautiful.,Positive,Instagram,,
This is a great initiative to support local businesses.,Positive,Facebook,,
This is a very heartwarming reunion story.,Positive,Facebook,,
This is a very important and timely reminder.,Positive,Twitter,,
This is a stunning piece of landscape photography.,Positive,Instagram,,
Your new tattoo is awesome!,Positive,Instagram,,
The local library has a great collection of books.,Positive,Twitter,,
The late-night food stalls near Charminar are the absolute best.,Positive,Facebook,,
Love the color palette in this photo series!,Positive,Instagram,,
Just finished a late-night workout session  feeling energized.,Positive,Facebook,,
Your new reel about hyderabad's street food made me so hungry!,Positive,Instagram,,
Just booked my tickets for the weekend movie. #Tollywood,Positive,Twitter,,
The way you've edited this video is so cinematic and professional.,Positive,Instagram,,
Congratulations on the new job! wishing you all the best.,Positive,Facebook,,
Our local community is organizing a blood donation camp this Sunday.,Positive,Facebook,,
This is such a stunning and unique piece of jewelry.,Positive,Instagram,,
This is a wonderful initiative to clean up the local lakes.,Positive,Facebook,,
The texture of that fabric looks so luxurious and soft.,Positive,Instagram,,
The composition of this shot  with the leading lines  ,Positive,Instagram,,
The new public transport app is actually very user-friendly and accurate.,Positive,Twitter,,
Happy birthday to your little one! he's growing up so fast.,Positive,Facebook,,
The way the light hits the subject in this portrait is perfect.,Positive,Instagram,,
This minimalist apartment tour is so inspiring.,Positive,Instagram,,
That was a brilliant comeback in the debate! #politics,Positive,Twitter,,
Our residential society's cultural fest was a huge success!,Positive,Facebook,,
This is a very creative and artistic self-portrait.,Positive,Instagram,,
Your collection of rare plants is absolutely incredible!,Positive,Instagram,,
The symmetry in this architectural photo is very satisfying.,Positive,Instagram,,
Wishing a happy married life to the beautiful couple!,Positive,Facebook,,
This is a great resource for anyone learning to code.,Positive,Facebook,,
This is such a beautiful and serene landscape painting.,Positive,Instagram,,
Your handmade pottery has such a charming  rustic feel.,Positive,Instagram,,
The golden hour lighting in this reel is just perfect.,Positive,Instagram,,
The intricate details on this traditional attire are stunning.,Positive,Instagram,,
This is a fantastic guide for solo travelers.,Positive,Instagram,,
The new policy on remote work is a step in the right direction.,Positive,Twitter,,
This is a great initiative to support mental health in the workplace.,Positive,Facebook,,
The bokeh effect in this photograph is beautifully executed.,Positive,Instagram,,
Your new hairstyle is so chic and stylish!,Positive,Instagram,,
This is a wonderful community for sharing and learning.,Positive,Facebook,,
The latest season of this show is a huge improvement over the last one.,Positive,Instagram,,
This is a very creative and clever use of puns.,Positive,Twitter,,
The intricate carving on this wooden furniture is exquisite.,Positive,Instagram,,
Your new art studio looks like such an inspiring space.,Positive,Instagram,,
The way you've styled this outfit is impeccable.,Positive,Instagram,,
The natural lighting in your home is amazing!,Positive,Instagram,,
The new environmental regulations are a welcome change.,Positive,Twitter,,
This is a fantastic platform for networking with professionals.,Positive,Facebook,,
The depth of field in this shot is perfect for the subject.,Positive,Instagram,,
Your new kitchen looks like it's straight out of a magazine!,Positive,Instagram,,
This is a very moving and powerful theatrical performance.,Positive,Facebook,,
This handmade quilt is a true work of art.,Positive,Instagram,,
The color grading in this travel video is stunning.,Positive,Instagram,,
My sincere congratulations on your well-deserved promotion!,Positive,Facebook,,
This is a great initiative to provide free education for underprivileged children.,Positive,Facebook,,
The reflection of the trees in the lake is beautiful.,Positive,Instagram,,
Your new pet is absolutely adorable and so fluffy!,Positive,Instagram,,
This is a fantastic community of supportive and creative people.,Positive,Facebook,,
This is a very powerful piece of photojournalism.,Positive,Twitter,,
This is such a beautiful and delicate piece of pottery.,Positive,Instagram,,
Congratulations on the launch of your new website!,Positive,Twitter,,
This is a great platform to discover new music.,Positive,Twitter,,
The selective focus on the flower is very well done.,Positive,Instagram,,
Your collection of antique books is fascinating!,Positive,Instagram,,
The new government scheme seems promising for farmers.,Positive,Twitter,,
This is a great initiative to promote renewable energy.,Positive,Facebook,,
The leading lines in this photo draw the eye in perfectly.,Positive,Instagram,,
Your new home is absolutely beautiful  congratulations!,Positive,Facebook,,
This is a wonderful community project that brings people together.,Positive,Facebook,,
This is a stunning example of traditional architecture.,Positive,Instagram,,
The upcoming cricket match is going to be very exciting.,Positive,Twitter,,
This is a great platform for freelance professionals to find work.,Positive,Facebook,,
The use of negative space in this composition is brilliant.,Positive,Instagram,,
Your new business idea sounds very innovative and promising!,Positive,Instagram,,
This is a very moving and heartfelt tribute to your parents.,Positive,Facebook,,
This is a beautiful piece of calligraphy.,Positive,Instagram,,
The candid expressions in this family photo are so precious.,Positive,Instagram,,
The new regulations are a step in the right direction for consumer protection.,Positive,Twitter,,
This is a great initiative to provide skill development for the youth.,Positive,Facebook,,
The natural framing of the subject in this photo is excellent.,Positive,Instagram,,
Your new home office setup is perfect for productivity!,Positive,Instagram,,
This is a very inspiring story of overcoming adversity.,Positive,Facebook,,
This is a stunning aerial shot of the city at night.,Positive,Instagram,,
This is a wonderful platform for sharing creative writing.,Positive,Facebook,,
This piece of handmade jewelry is so unique and beautiful.,Positive,Instagram,,
This is a great initiative to plant more trees in the city.,Positive,Facebook,,
This is a beautiful and emotional piece of music.,Positive,Instagram,,
The new smartphone has a foldable screen.,Positive,Twitter,,
This is a great community for pet lovers to share photos and tips.,Positive,Facebook,,
The rule of thirds has been used effectively in this photograph.,Positive,Instagram,,
Your new baby's smile is the most precious thing!,Positive,Instagram,,
The new metro line will connect the old city to the IT corridor.,Positive,Twitter,,
This is a great initiative to promote adult literacy.,Positive,Facebook,,
The silhouette shot against the sunset is breathtaking.,Positive,Instagram,,
Your new collection of paintings is absolutely brilliant!,Positive,Instagram,,
This is a very moving and powerful poem.,Positive,Facebook,,
This is a stunning macro shot of an insect.,Positive,Instagram,,
This is a great community for discussing books and literature.,Positive,Facebook,,
The black and white conversion of this photo is beautiful.,Positive,Instagram,,
Your new pet is so playful and has brought so much joy!,Positive,Instagram,,
This is a great initiative to provide clean drinking water to rural areas.,Positive,Facebook,,
This is a beautiful time-lapse of the clouds moving.,Positive,Instagram,,
This is a great community for gardening enthusiasts.,Positive,Facebook,,
The long exposure shot of the waterfall is amazing.,Positive,Instagram,,
Your new home is so cozy and beautifully decorated!,Positive,Instagram,,
The new tech park is expected to create thousands of jobs.,Positive,Twitter,,
This is a great initiative to support local farmers.,Positive,Facebook,,
The reflection in the water is perfectly clear.,Positive,Instagram,,
Your new tattoo has a very deep and beautiful meaning.,Positive,Instagram,,
The new policy aims to reduce carbon emissions.,Positive,Twitter,,
This is a great platform for connecting with old friends.,Positive,Facebook,,
The panoramic view from this hilltop is incredible.,Positive,Instagram,,
Your new baby is a spitting image of you!,Positive,Instagram,,
The government has launched a new portal for citizen services.,Positive,Twitter,,
This is a great initiative for women's empowerment.,Positive,Facebook,,
The motion blur in this photo of a moving car is perfect.,Positive,Instagram,,
Your new restaurant has a wonderful ambiance and delicious food!,Positive,Instagram,,
The new airport terminal is now operational.,Positive,Twitter,,
This is a great platform for learning new skills online.,Positive,Facebook,,
The light trails from the traffic in this night shot are amazing.,Positive,Instagram,,
Your new pet is so adorable  I can't handle the cuteness!,Positive,Instagram,,
The new metro coach is equipped with modern amenities.,Positive,Twitter,,
This is a great initiative to preserve our cultural heritage.,Positive,Facebook,,
The star trails in this astrophotography shot are magical.,Positive,Instagram,,
Your new home has such a beautiful view of the lake!,Positive,Instagram,,
The new bridge will reduce traffic congestion significantly.,Positive,Twitter,,
This is a great platform for showcasing your photography portfolio.,Positive,Facebook,,
The reflection of the mountains in the still lake is perfect.,Positive,Instagram,,
Your new baby has the most beautiful eyes!,Positive,Instagram,,
The new park has a dedicated area for children to play.,Positive,Twitter,,
This is a great initiative to promote financial literacy.,Positive,Facebook,,
The silhouette of the bird against the morning sky is beautiful.,Positive,Instagram,,
Your new art piece is so vibrant and full of life!,Positive,Instagram,,
The new law is aimed at improving road safety.,Positive,Twitter,,
This is a great platform for connecting with like-minded people.,Positive,Facebook,,
The reflection of the city lights on the wet street is stunning.,Positive,Instagram,,
Your new puppy is bringing so much happiness to your home!,Positive,Instagram,,
The new policy will benefit senior citizens.,Positive,Twitter,,
This is a great initiative to promote organic farming.,Positive,Facebook,,
The texture of the old tree bark is captured in great detail.,Positive,Instagram,,
Your new garden is a beautiful and peaceful sanctuary!,Positive,Instagram,,
The new sports complex has world-class facilities.,Positive,Twitter,,
This is a great platform for discovering new and emerging artists.,Positive,Facebook,,
The shadow play in this black and white photo is masterful.,Positive,Instagram,,
Your new baby is a true blessing to your family!,Positive,Instagram,,
The new library has a vast collection of e-books.,Positive,Twitter,,
This is a great initiative to support small and medium enterprises.,Positive,Facebook,,
The way the light filters through the leaves is beautifully captured.,Positive,Instagram,,
Your new home is a perfect blend of modern and traditional design!,Positive,Instagram,,
The new policy will help in reducing plastic waste.,Positive,Twitter,,
This is a great platform for collaborating on projects.,Positive,Facebook,,
The reflection of the clouds in the puddle is a nice touch.,Positive,Instagram,,
Your new restaurant is sure to be a huge success!,Positive,Instagram,,
The new startup incubation center will nurture young entrepreneurs.,Positive,Twitter,,
This is a great initiative to promote traditional arts and crafts.,Positive,Facebook,,
The dramatic clouds in this landscape shot are breathtaking.,Positive,Instagram,,
Your new business is off to a great start! congratulations.,Positive,Instagram,,
The new highway bypass will ease traffic in the city center.,Positive,Twitter,,
This is a great platform for getting feedback on your creative work.,Positive,Facebook,,
The sunflare in this photo adds a beautiful artistic touch.,Positive,Instagram,,
Your new baby is the cutest thing I have ever seen!,Positive,Instagram,,
I learned something new today thanks!, Positive,Facebook,,
I learned a lot from this thread thank you., Positive,Twitter,,